PatchID,X,Y,SubpatchNO,K,K StDev,N0,Natal Grounds,Migration Out Grounds,Genes Initialize,Class Vars,Mortality Out %,Mortality Out StDev,Mortality Back,Mortality Back StDev,Mortality Eggs,Mortality Eggs StDev,Migration Out Prob,Set Migration Out,Migration Back Prob,Straying Prob,Dispersal Prob,GrowthTemperatureOut,GrowthTemperatureOutStDev,GrowDaysOut,GrowDaysOutStDev,GrowthTemperatureBack,GrowthTemperatureBackStDev,GrowDaysBack,GrowDaysBackStDev,Capture Probability Out,Capture Probability Back,HabitatOut,HabitatBack,Fitness_AA,Fitness_Aa,Fitness_aa,Fitness_BB,Fitness_Bb,Fitness_bb,Fitness_AABB,Fitness_AaBB,Fitness_aaBB,Fitness_AaBb,Fitness_AaBb,Fitness_aaBb,Fitness_AAbb,Fitness_Aabb,Fitness_aabb,comp_coef,disease_file,Env Res,Resistant_CC,Resistant Cc,Resistant_cc,Tolerant_DD,Tolerant_Dd,Tolerant_dd
1,56758.45394,381341.8208,1,500,50,250|0,1,0,AFs/AF_neutral.csv|AFs/AF_resistance.csv,classvars/ClassVars_SIDP.csv,0,0,0,0,0,0,1,N,1,1,0.25,N,N,N,N,N,N,N,N,N,N,1,1,0,0,0,0,0,0,0,0,0,0,0,0,0,0,0,0,DiseaseVars/DiseaseVars_SIDP_R.csv,0,0;0,0.2;0.9,0.2;0.9,0,0.1,0.1
2,122059.2472,-736422.8516,2,500,50,250|0,0,1,AFs/AF_neutral.csv|AFs/AF_resistance.csv,classvars/ClassVars_SIDP.csv,0,0,0,0,0,0,1,N,1,1,0.25,N,N,N,N,N,N,N,N,N,N,1,1,0,0,0,0,0,0,0,0,0,0,0,0,0,0,0,0,DiseaseVars/DiseaseVars_SIDP_R.csv,0,0;0,0.2;0.9,0.2;0.9,0,0.1,0.1
3,338102.6853,-1366704.895,1,500,50,250|0,1,0,AFs/AF_neutral.csv|AFs/AF_resistance.csv,classvars/ClassVars_SIDP.csv,0,0,0,0,0,0,1,N,1,1,0.25,N,N,N,N,N,N,N,N,N,N,1,1,0,0,0,0,0,0,0,0,0,0,0,0,0,0,0,0,DiseaseVars/DiseaseVars_SIDP_R.csv,0,0;0,0.2;0.9,0.2;0.9,0,0.1,0.1
4,-253798.3533,279406.7349,1,500,50,250|200,1,0,AFs/AF_neutral.csv|AFs/AF_resistance.csv,classvars/ClassVars_SIDP.csv,0,0,0,0,0,0,1,N,1,1,0.25,N,N,N,N,N,N,N,N,N,N,1,1,0,0,0,0,0,0,0,0,0,0,0,0,0,0,0,0,DiseaseVars/DiseaseVars_SIDP_R.csv,1,0;0,0.2;0.9,0.2;0.9,0,0.1,0.1
5,-347344.1237,-1226931.373,1,500,50,250|0,1,0,AFs/AF_neutral.csv|AFs/AF_resistance.csv,classvars/ClassVars_SIDP.csv,0,0,0,0,0,0,1,N,1,1,0.25,N,N,N,N,N,N,N,N,N,N,1,1,0,0,0,0,0,0,0,0,0,0,0,0,0,0,0,0,DiseaseVars/DiseaseVars_SIDP_R.csv,0,0;0,0.2;0.9,0.2;0.9,0,0.1,0.1
6,-487717.4659,-729240.3386,2,500,50,250|0,0,1,AFs/AF_neutral.csv|AFs/AF_resistance.csv,classvars/ClassVars_SIDP.csv,0,0,0,0,0,0,1,N,1,1,0.25,N,N,N,N,N,N,N,N,N,N,1,1,0,0,0,0,0,0,0,0,0,0,0,0,0,0,0,0,DiseaseVars/DiseaseVars_SIDP_R.csv,0,0;0,0.2;0.9,0.2;0.9,0,0.1,0.1
7,-811616.8634,-376900.537,1,500,50,250|0,1,0,AFs/AF_neutral.csv|AFs/AF_resistance.csv,classvars/ClassVars_SIDP.csv,0,0,0,0,0,0,1,N,1,1,0.25,N,N,N,N,N,N,N,N,N,N,1,1,0,0,0,0,0,0,0,0,0,0,0,0,0,0,0,0,DiseaseVars/DiseaseVars_SIDP_R.csv,0,0;0,0.2;0.9,0.2;0.9,0,0.1,0.1
8,-168382.0203,-625245.7533,2,500,50,250|0,0,1,AFs/AF_neutral.csv|AFs/AF_resistance.csv,classvars/ClassVars_SIDP.csv,0,0,0,0,0,0,1,N,1,1,0.25,N,N,N,N,N,N,N,N,N,N,1,1,0,0,0,0,0,0,0,0,0,0,0,0,0,0,0,0,DiseaseVars/DiseaseVars_SIDP_R.csv,0,0;0,0.2;0.9,0.2;0.9,0,0.1,0.1
9,-13432.88572,466595.3015,1,500,50,250|0,1,0,AFs/AF_neutral.csv|AFs/AF_resistance.csv,classvars/ClassVars_SIDP.csv,0,0,0,0,0,0,1,N,1,1,0.25,N,N,N,N,N,N,N,N,N,N,1,1,0,0,0,0,0,0,0,0,0,0,0,0,0,0,0,0,DiseaseVars/DiseaseVars_SIDP_R.csv,0,0;0,0.2;0.9,0.2;0.9,0,0.1,0.1
10,-54097.13831,412717.3127,2,500,50,250|0,0,1,AFs/AF_neutral.csv|AFs/AF_resistance.csv,classvars/ClassVars_SIDP.csv,0,0,0,0,0,0,1,N,1,1,0.25,N,N,N,N,N,N,N,N,N,N,1,1,0,0,0,0,0,0,0,0,0,0,0,0,0,0,0,0,DiseaseVars/DiseaseVars_SIDP_R.csv,0,0;0,0.2;0.9,0.2;0.9,0,0.1,0.1
11,167746.5251,-473515.3538,1,500,50,250|0,1,0,AFs/AF_neutral.csv|AFs/AF_resistance.csv,classvars/ClassVars_SIDP.csv,0,0,0,0,0,0,1,N,1,1,0.25,N,N,N,N,N,N,N,N,N,N,1,1,0,0,0,0,0,0,0,0,0,0,0,0,0,0,0,0,DiseaseVars/DiseaseVars_SIDP_R.csv,0,0;0,0.2;0.9,0.2;0.9,0,0.1,0.1
12,-488911.7714,-442226.7834,1,500,50,250|0,1,0,AFs/AF_neutral.csv|AFs/AF_resistance.csv,classvars/ClassVars_SIDP.csv,0,0,0,0,0,0,1,N,1,1,0.25,N,N,N,N,N,N,N,N,N,N,1,1,0,0,0,0,0,0,0,0,0,0,0,0,0,0,0,0,DiseaseVars/DiseaseVars_SIDP_R.csv,0,0;0,0.2;0.9,0.2;0.9,0,0.1,0.1
13,-639791.6009,-208960.2013,2,500,50,250|0,0,1,AFs/AF_neutral.csv|AFs/AF_resistance.csv,classvars/ClassVars_SIDP.csv,0,0,0,0,0,0,1,N,1,1,0.25,N,N,N,N,N,N,N,N,N,N,1,1,0,0,0,0,0,0,0,0,0,0,0,0,0,0,0,0,DiseaseVars/DiseaseVars_SIDP_R.csv,0,0;0,0.2;0.9,0.2;0.9,0,0.1,0.1
14,68222.41714,-88719.87843,2,500,50,250|0,0,1,AFs/AF_neutral.csv|AFs/AF_resistance.csv,classvars/ClassVars_SIDP.csv,0,0,0,0,0,0,1,N,1,1,0.25,N,N,N,N,N,N,N,N,N,N,1,1,0,0,0,0,0,0,0,0,0,0,0,0,0,0,0,0,DiseaseVars/DiseaseVars_SIDP_R.csv,0,0;0,0.2;0.9,0.2;0.9,0,0.1,0.1
15,148036.8078,-185805.2191,1,500,50,250|0,1,0,AFs/AF_neutral.csv|AFs/AF_resistance.csv,classvars/ClassVars_SIDP.csv,0,0,0,0,0,0,1,N,1,1,0.25,N,N,N,N,N,N,N,N,N,N,1,1,0,0,0,0,0,0,0,0,0,0,0,0,0,0,0,0,DiseaseVars/DiseaseVars_SIDP_R.csv,0,0;0,0.2;0.9,0.2;0.9,0,0.1,0.1
16,234030.1371,-1704046.376,1,500,50,250|0,1,0,AFs/AF_neutral.csv|AFs/AF_resistance.csv,classvars/ClassVars_SIDP.csv,0,0,0,0,0,0,1,N,1,1,0.25,N,N,N,N,N,N,N,N,N,N,1,1,0,0,0,0,0,0,0,0,0,0,0,0,0,0,0,0,DiseaseVars/DiseaseVars_SIDP_R.csv,0,0;0,0.2;0.9,0.2;0.9,0,0.1,0.1
17,40608.09729,-1397186.425,1,500,50,250|0,1,0,AFs/AF_neutral.csv|AFs/AF_resistance.csv,classvars/ClassVars_SIDP.csv,0,0,0,0,0,0,1,N,1,1,0.25,N,N,N,N,N,N,N,N,N,N,1,1,0,0,0,0,0,0,0,0,0,0,0,0,0,0,0,0,DiseaseVars/DiseaseVars_SIDP_R.csv,0,0;0,0.2;0.9,0.2;0.9,0,0.1,0.1
18,30334.53548,667284.8501,2,500,50,250|0,0,1,AFs/AF_neutral.csv|AFs/AF_resistance.csv,classvars/ClassVars_SIDP.csv,0,0,0,0,0,0,1,N,1,1,0.25,N,N,N,N,N,N,N,N,N,N,1,1,0,0,0,0,0,0,0,0,0,0,0,0,0,0,0,0,DiseaseVars/DiseaseVars_SIDP_R.csv,0,0;0,0.2;0.9,0.2;0.9,0,0.1,0.1
19,-449394.4292,-121093.3935,2,500,50,250|0,0,1,AFs/AF_neutral.csv|AFs/AF_resistance.csv,classvars/ClassVars_SIDP.csv,0,0,0,0,0,0,1,N,1,1,0.25,N,N,N,N,N,N,N,N,N,N,1,1,0,0,0,0,0,0,0,0,0,0,0,0,0,0,0,0,DiseaseVars/DiseaseVars_SIDP_R.csv,0,0;0,0.2;0.9,0.2;0.9,0,0.1,0.1
20,-1503771.641,444502.6321,2,500,50,250|0,0,1,AFs/AF_neutral.csv|AFs/AF_resistance.csv,classvars/ClassVars_SIDP.csv,0,0,0,0,0,0,1,N,1,1,0.25,N,N,N,N,N,N,N,N,N,N,1,1,0,0,0,0,0,0,0,0,0,0,0,0,0,0,0,0,DiseaseVars/DiseaseVars_SIDP_R.csv,0,0;0,0.2;0.9,0.2;0.9,0,0.1,0.1
21,85000.48324,-882455.5446,2,500,50,250|0,0,1,AFs/AF_neutral.csv|AFs/AF_resistance.csv,classvars/ClassVars_SIDP.csv,0,0,0,0,0,0,1,N,1,1,0.25,N,N,N,N,N,N,N,N,N,N,1,1,0,0,0,0,0,0,0,0,0,0,0,0,0,0,0,0,DiseaseVars/DiseaseVars_SIDP_R.csv,0,0;0,0.2;0.9,0.2;0.9,0,0.1,0.1
22,-1095910.274,-762664.4736,1,500,50,250|0,1,0,AFs/AF_neutral.csv|AFs/AF_resistance.csv,classvars/ClassVars_SIDP.csv,0,0,0,0,0,0,1,N,1,1,0.25,N,N,N,N,N,N,N,N,N,N,1,1,0,0,0,0,0,0,0,0,0,0,0,0,0,0,0,0,DiseaseVars/DiseaseVars_SIDP_R.csv,0,0;0,0.2;0.9,0.2;0.9,0,0.1,0.1
23,-579289.0056,-669052.3534,1,500,50,250|0,1,0,AFs/AF_neutral.csv|AFs/AF_resistance.csv,classvars/ClassVars_SIDP.csv,0,0,0,0,0,0,1,N,1,1,0.25,N,N,N,N,N,N,N,N,N,N,1,1,0,0,0,0,0,0,0,0,0,0,0,0,0,0,0,0,DiseaseVars/DiseaseVars_SIDP_R.csv,0,0;0,0.2;0.9,0.2;0.9,0,0.1,0.1
24,-554882.3673,162929.5893,2,500,50,250|0,0,1,AFs/AF_neutral.csv|AFs/AF_resistance.csv,classvars/ClassVars_SIDP.csv,0,0,0,0,0,0,1,N,1,1,0.25,N,N,N,N,N,N,N,N,N,N,1,1,0,0,0,0,0,0,0,0,0,0,0,0,0,0,0,0,DiseaseVars/DiseaseVars_SIDP_R.csv,0,0;0,0.2;0.9,0.2;0.9,0,0.1,0.1
25,-100782.9361,-595804.2941,1,500,50,250|0,1,0,AFs/AF_neutral.csv|AFs/AF_resistance.csv,classvars/ClassVars_SIDP.csv,0,0,0,0,0,0,1,N,1,1,0.25,N,N,N,N,N,N,N,N,N,N,1,1,0,0,0,0,0,0,0,0,0,0,0,0,0,0,0,0,DiseaseVars/DiseaseVars_SIDP_R.csv,0,0;0,0.2;0.9,0.2;0.9,0,0.1,0.1
26,-1278261.152,265246.0266,2,500,50,250|0,0,1,AFs/AF_neutral.csv|AFs/AF_resistance.csv,classvars/ClassVars_SIDP.csv,0,0,0,0,0,0,1,N,1,1,0.25,N,N,N,N,N,N,N,N,N,N,1,1,0,0,0,0,0,0,0,0,0,0,0,0,0,0,0,0,DiseaseVars/DiseaseVars_SIDP_R.csv,0,0;0,0.2;0.9,0.2;0.9,0,0.1,0.1
27,-630413.7693,-753525.7232,2,500,50,250|0,0,1,AFs/AF_neutral.csv|AFs/AF_resistance.csv,classvars/ClassVars_SIDP.csv,0,0,0,0,0,0,1,N,1,1,0.25,N,N,N,N,N,N,N,N,N,N,1,1,0,0,0,0,0,0,0,0,0,0,0,0,0,0,0,0,DiseaseVars/DiseaseVars_SIDP_R.csv,0,0;0,0.2;0.9,0.2;0.9,0,0.1,0.1
28,3953.933623,-908038.2859,2,500,50,250|0,0,1,AFs/AF_neutral.csv|AFs/AF_resistance.csv,classvars/ClassVars_SIDP.csv,0,0,0,0,0,0,1,N,1,1,0.25,N,N,N,N,N,N,N,N,N,N,1,1,0,0,0,0,0,0,0,0,0,0,0,0,0,0,0,0,DiseaseVars/DiseaseVars_SIDP_R.csv,0,0;0,0.2;0.9,0.2;0.9,0,0.1,0.1
29,-911031.5252,-211578.0699,2,500,50,250|0,0,1,AFs/AF_neutral.csv|AFs/AF_resistance.csv,classvars/ClassVars_SIDP.csv,0,0,0,0,0,0,1,N,1,1,0.25,N,N,N,N,N,N,N,N,N,N,1,1,0,0,0,0,0,0,0,0,0,0,0,0,0,0,0,0,DiseaseVars/DiseaseVars_SIDP_R.csv,0,0;0,0.2;0.9,0.2;0.9,0,0.1,0.1
30,-675899.8122,-361060.5334,1,500,50,250|0,1,0,AFs/AF_neutral.csv|AFs/AF_resistance.csv,classvars/ClassVars_SIDP.csv,0,0,0,0,0,0,1,N,1,1,0.25,N,N,N,N,N,N,N,N,N,N,1,1,0,0,0,0,0,0,0,0,0,0,0,0,0,0,0,0,DiseaseVars/DiseaseVars_SIDP_R.csv,0,0;0,0.2;0.9,0.2;0.9,0,0.1,0.1
31,-195957.2118,-555162.8139,1,500,50,250|0,1,0,AFs/AF_neutral.csv|AFs/AF_resistance.csv,classvars/ClassVars_SIDP.csv,0,0,0,0,0,0,1,N,1,1,0.25,N,N,N,N,N,N,N,N,N,N,1,1,0,0,0,0,0,0,0,0,0,0,0,0,0,0,0,0,DiseaseVars/DiseaseVars_SIDP_R.csv,0,0;0,0.2;0.9,0.2;0.9,0,0.1,0.1
32,-964586.7275,195422.4986,2,500,50,250|0,0,1,AFs/AF_neutral.csv|AFs/AF_resistance.csv,classvars/ClassVars_SIDP.csv,0,0,0,0,0,0,1,N,1,1,0.25,N,N,N,N,N,N,N,N,N,N,1,1,0,0,0,0,0,0,0,0,0,0,0,0,0,0,0,0,DiseaseVars/DiseaseVars_SIDP_R.csv,0,0;0,0.2;0.9,0.2;0.9,0,0.1,0.1
33,10970.62741,441520.7699,2,500,50,250|0,0,1,AFs/AF_neutral.csv|AFs/AF_resistance.csv,classvars/ClassVars_SIDP.csv,0,0,0,0,0,0,1,N,1,1,0.25,N,N,N,N,N,N,N,N,N,N,1,1,0,0,0,0,0,0,0,0,0,0,0,0,0,0,0,0,DiseaseVars/DiseaseVars_SIDP_R.csv,0,0;0,0.2;0.9,0.2;0.9,0,0.1,0.1
34,-996290.3848,81471.32405,1,500,50,250|0,1,0,AFs/AF_neutral.csv|AFs/AF_resistance.csv,classvars/ClassVars_SIDP.csv,0,0,0,0,0,0,1,N,1,1,0.25,N,N,N,N,N,N,N,N,N,N,1,1,0,0,0,0,0,0,0,0,0,0,0,0,0,0,0,0,DiseaseVars/DiseaseVars_SIDP_R.csv,0,0;0,0.2;0.9,0.2;0.9,0,0.1,0.1
35,-707151.5378,-585406.9858,2,500,50,250|0,0,1,AFs/AF_neutral.csv|AFs/AF_resistance.csv,classvars/ClassVars_SIDP.csv,0,0,0,0,0,0,1,N,1,1,0.25,N,N,N,N,N,N,N,N,N,N,1,1,0,0,0,0,0,0,0,0,0,0,0,0,0,0,0,0,DiseaseVars/DiseaseVars_SIDP_R.csv,0,0;0,0.2;0.9,0.2;0.9,0,0.1,0.1
36,15171.45369,-735703.2141,2,500,50,250|0,0,1,AFs/AF_neutral.csv|AFs/AF_resistance.csv,classvars/ClassVars_SIDP.csv,0,0,0,0,0,0,1,N,1,1,0.25,N,N,N,N,N,N,N,N,N,N,1,1,0,0,0,0,0,0,0,0,0,0,0,0,0,0,0,0,DiseaseVars/DiseaseVars_SIDP_R.csv,0,0;0,0.2;0.9,0.2;0.9,0,0.1,0.1
37,-768862.9582,-336841.2039,1,500,50,250|0,1,0,AFs/AF_neutral.csv|AFs/AF_resistance.csv,classvars/ClassVars_SIDP.csv,0,0,0,0,0,0,1,N,1,1,0.25,N,N,N,N,N,N,N,N,N,N,1,1,0,0,0,0,0,0,0,0,0,0,0,0,0,0,0,0,DiseaseVars/DiseaseVars_SIDP_R.csv,0,0;0,0.2;0.9,0.2;0.9,0,0.1,0.1
38,-795074.9687,-292345.2116,2,500,50,250|0,0,1,AFs/AF_neutral.csv|AFs/AF_resistance.csv,classvars/ClassVars_SIDP.csv,0,0,0,0,0,0,1,N,1,1,0.25,N,N,N,N,N,N,N,N,N,N,1,1,0,0,0,0,0,0,0,0,0,0,0,0,0,0,0,0,DiseaseVars/DiseaseVars_SIDP_R.csv,0,0;0,0.2;0.9,0.2;0.9,0,0.1,0.1
39,-356074.6805,-188157.7303,1,500,50,250|0,1,0,AFs/AF_neutral.csv|AFs/AF_resistance.csv,classvars/ClassVars_SIDP.csv,0,0,0,0,0,0,1,N,1,1,0.25,N,N,N,N,N,N,N,N,N,N,1,1,0,0,0,0,0,0,0,0,0,0,0,0,0,0,0,0,DiseaseVars/DiseaseVars_SIDP_R.csv,0,0;0,0.2;0.9,0.2;0.9,0,0.1,0.1
40,-362899.2605,-798910.5605,1,500,50,250|0,1,0,AFs/AF_neutral.csv|AFs/AF_resistance.csv,classvars/ClassVars_SIDP.csv,0,0,0,0,0,0,1,N,1,1,0.25,N,N,N,N,N,N,N,N,N,N,1,1,0,0,0,0,0,0,0,0,0,0,0,0,0,0,0,0,DiseaseVars/DiseaseVars_SIDP_R.csv,0,0;0,0.2;0.9,0.2;0.9,0,0.1,0.1
41,136928.0727,-175283.8832,2,500,50,250|0,0,1,AFs/AF_neutral.csv|AFs/AF_resistance.csv,classvars/ClassVars_SIDP.csv,0,0,0,0,0,0,1,N,1,1,0.25,N,N,N,N,N,N,N,N,N,N,1,1,0,0,0,0,0,0,0,0,0,0,0,0,0,0,0,0,DiseaseVars/DiseaseVars_SIDP_R.csv,0,0;0,0.2;0.9,0.2;0.9,0,0.1,0.1
42,-441601.8143,-945357.8334,1,500,50,250|0,1,0,AFs/AF_neutral.csv|AFs/AF_resistance.csv,classvars/ClassVars_SIDP.csv,0,0,0,0,0,0,1,N,1,1,0.25,N,N,N,N,N,N,N,N,N,N,1,1,0,0,0,0,0,0,0,0,0,0,0,0,0,0,0,0,DiseaseVars/DiseaseVars_SIDP_R.csv,0,0;0,0.2;0.9,0.2;0.9,0,0.1,0.1
43,-19328.93975,-283812.7952,1,500,50,250|0,1,0,AFs/AF_neutral.csv|AFs/AF_resistance.csv,classvars/ClassVars_SIDP.csv,0,0,0,0,0,0,1,N,1,1,0.25,N,N,N,N,N,N,N,N,N,N,1,1,0,0,0,0,0,0,0,0,0,0,0,0,0,0,0,0,DiseaseVars/DiseaseVars_SIDP_R.csv,0,0;0,0.2;0.9,0.2;0.9,0,0.1,0.1
44,143876.8238,474925.927,2,500,50,250|0,0,1,AFs/AF_neutral.csv|AFs/AF_resistance.csv,classvars/ClassVars_SIDP.csv,0,0,0,0,0,0,1,N,1,1,0.25,N,N,N,N,N,N,N,N,N,N,1,1,0,0,0,0,0,0,0,0,0,0,0,0,0,0,0,0,DiseaseVars/DiseaseVars_SIDP_R.csv,0,0;0,0.2;0.9,0.2;0.9,0,0.1,0.1
45,-377658.2027,-630442.8287,1,500,50,250|0,1,0,AFs/AF_neutral.csv|AFs/AF_resistance.csv,classvars/ClassVars_SIDP.csv,0,0,0,0,0,0,1,N,1,1,0.25,N,N,N,N,N,N,N,N,N,N,1,1,0,0,0,0,0,0,0,0,0,0,0,0,0,0,0,0,DiseaseVars/DiseaseVars_SIDP_R.csv,0,0;0,0.2;0.9,0.2;0.9,0,0.1,0.1
46,-512503.9779,-377177.2097,1,500,50,250|0,1,0,AFs/AF_neutral.csv|AFs/AF_resistance.csv,classvars/ClassVars_SIDP.csv,0,0,0,0,0,0,1,N,1,1,0.25,N,N,N,N,N,N,N,N,N,N,1,1,0,0,0,0,0,0,0,0,0,0,0,0,0,0,0,0,DiseaseVars/DiseaseVars_SIDP_R.csv,0,0;0,0.2;0.9,0.2;0.9,0,0.1,0.1
47,-141051.7758,-1469014.769,1,500,50,250|0,1,0,AFs/AF_neutral.csv|AFs/AF_resistance.csv,classvars/ClassVars_SIDP.csv,0,0,0,0,0,0,1,N,1,1,0.25,N,N,N,N,N,N,N,N,N,N,1,1,0,0,0,0,0,0,0,0,0,0,0,0,0,0,0,0,DiseaseVars/DiseaseVars_SIDP_R.csv,0,0;0,0.2;0.9,0.2;0.9,0,0.1,0.1
48,-52565.66937,-358468.1197,2,500,50,250|0,0,1,AFs/AF_neutral.csv|AFs/AF_resistance.csv,classvars/ClassVars_SIDP.csv,0,0,0,0,0,0,1,N,1,1,0.25,N,N,N,N,N,N,N,N,N,N,1,1,0,0,0,0,0,0,0,0,0,0,0,0,0,0,0,0,DiseaseVars/DiseaseVars_SIDP_R.csv,0,0;0,0.2;0.9,0.2;0.9,0,0.1,0.1
49,-28379.49267,-349985.861,2,500,50,250|0,0,1,AFs/AF_neutral.csv|AFs/AF_resistance.csv,classvars/ClassVars_SIDP.csv,0,0,0,0,0,0,1,N,1,1,0.25,N,N,N,N,N,N,N,N,N,N,1,1,0,0,0,0,0,0,0,0,0,0,0,0,0,0,0,0,DiseaseVars/DiseaseVars_SIDP_R.csv,0,0;0,0.2;0.9,0.2;0.9,0,0.1,0.1
50,-461024.1736,-947658.4692,1,500,50,250|0,1,0,AFs/AF_neutral.csv|AFs/AF_resistance.csv,classvars/ClassVars_SIDP.csv,0,0,0,0,0,0,1,N,1,1,0.25,N,N,N,N,N,N,N,N,N,N,1,1,0,0,0,0,0,0,0,0,0,0,0,0,0,0,0,0,DiseaseVars/DiseaseVars_SIDP_R.csv,0,0;0,0.2;0.9,0.2;0.9,0,0.1,0.1
51,-449973.5833,-40440.89648,2,500,50,250|0,0,1,AFs/AF_neutral.csv|AFs/AF_resistance.csv,classvars/ClassVars_SIDP.csv,0,0,0,0,0,0,1,N,1,1,0.25,N,N,N,N,N,N,N,N,N,N,1,1,0,0,0,0,0,0,0,0,0,0,0,0,0,0,0,0,DiseaseVars/DiseaseVars_SIDP_R.csv,0,0;0,0.2;0.9,0.2;0.9,0,0.1,0.1
52,-565638.3341,-464090.3415,2,500,50,250|0,0,1,AFs/AF_neutral.csv|AFs/AF_resistance.csv,classvars/ClassVars_SIDP.csv,0,0,0,0,0,0,1,N,1,1,0.25,N,N,N,N,N,N,N,N,N,N,1,1,0,0,0,0,0,0,0,0,0,0,0,0,0,0,0,0,DiseaseVars/DiseaseVars_SIDP_R.csv,0,0;0,0.2;0.9,0.2;0.9,0,0.1,0.1
53,-1422325.353,-23209.75852,1,500,50,250|0,1,0,AFs/AF_neutral.csv|AFs/AF_resistance.csv,classvars/ClassVars_SIDP.csv,0,0,0,0,0,0,1,N,1,1,0.25,N,N,N,N,N,N,N,N,N,N,1,1,0,0,0,0,0,0,0,0,0,0,0,0,0,0,0,0,DiseaseVars/DiseaseVars_SIDP_R.csv,0,0;0,0.2;0.9,0.2;0.9,0,0.1,0.1
54,-960143.922,49879.10697,2,500,50,250|0,0,1,AFs/AF_neutral.csv|AFs/AF_resistance.csv,classvars/ClassVars_SIDP.csv,0,0,0,0,0,0,1,N,1,1,0.25,N,N,N,N,N,N,N,N,N,N,1,1,0,0,0,0,0,0,0,0,0,0,0,0,0,0,0,0,DiseaseVars/DiseaseVars_SIDP_R.csv,0,0;0,0.2;0.9,0.2;0.9,0,0.1,0.1
55,164905.8369,-253907.3648,1,500,50,250|0,1,0,AFs/AF_neutral.csv|AFs/AF_resistance.csv,classvars/ClassVars_SIDP.csv,0,0,0,0,0,0,1,N,1,1,0.25,N,N,N,N,N,N,N,N,N,N,1,1,0,0,0,0,0,0,0,0,0,0,0,0,0,0,0,0,DiseaseVars/DiseaseVars_SIDP_R.csv,0,0;0,0.2;0.9,0.2;0.9,0,0.1,0.1
56,389918.0706,-1611673.791,1,500,50,250|0,1,0,AFs/AF_neutral.csv|AFs/AF_resistance.csv,classvars/ClassVars_SIDP.csv,0,0,0,0,0,0,1,N,1,1,0.25,N,N,N,N,N,N,N,N,N,N,1,1,0,0,0,0,0,0,0,0,0,0,0,0,0,0,0,0,DiseaseVars/DiseaseVars_SIDP_R.csv,0,0;0,0.2;0.9,0.2;0.9,0,0.1,0.1
57,-513366.1414,-719865.8633,2,500,50,250|0,0,1,AFs/AF_neutral.csv|AFs/AF_resistance.csv,classvars/ClassVars_SIDP.csv,0,0,0,0,0,0,1,N,1,1,0.25,N,N,N,N,N,N,N,N,N,N,1,1,0,0,0,0,0,0,0,0,0,0,0,0,0,0,0,0,DiseaseVars/DiseaseVars_SIDP_R.csv,0,0;0,0.2;0.9,0.2;0.9,0,0.1,0.1
58,-383430.1935,-1017217.185,1,500,50,250|0,1,0,AFs/AF_neutral.csv|AFs/AF_resistance.csv,classvars/ClassVars_SIDP.csv,0,0,0,0,0,0,1,N,1,1,0.25,N,N,N,N,N,N,N,N,N,N,1,1,0,0,0,0,0,0,0,0,0,0,0,0,0,0,0,0,DiseaseVars/DiseaseVars_SIDP_R.csv,0,0;0,0.2;0.9,0.2;0.9,0,0.1,0.1
59,271819.5057,-1493472.736,2,500,50,250|0,0,1,AFs/AF_neutral.csv|AFs/AF_resistance.csv,classvars/ClassVars_SIDP.csv,0,0,0,0,0,0,1,N,1,1,0.25,N,N,N,N,N,N,N,N,N,N,1,1,0,0,0,0,0,0,0,0,0,0,0,0,0,0,0,0,DiseaseVars/DiseaseVars_SIDP_R.csv,0,0;0,0.2;0.9,0.2;0.9,0,0.1,0.1
60,-197523.2111,-125776.5527,1,500,50,250|0,1,0,AFs/AF_neutral.csv|AFs/AF_resistance.csv,classvars/ClassVars_SIDP.csv,0,0,0,0,0,0,1,N,1,1,0.25,N,N,N,N,N,N,N,N,N,N,1,1,0,0,0,0,0,0,0,0,0,0,0,0,0,0,0,0,DiseaseVars/DiseaseVars_SIDP_R.csv,0,0;0,0.2;0.9,0.2;0.9,0,0.1,0.1
61,-965672.6843,219824.2669,2,500,50,250|0,0,1,AFs/AF_neutral.csv|AFs/AF_resistance.csv,classvars/ClassVars_SIDP.csv,0,0,0,0,0,0,1,N,1,1,0.25,N,N,N,N,N,N,N,N,N,N,1,1,0,0,0,0,0,0,0,0,0,0,0,0,0,0,0,0,DiseaseVars/DiseaseVars_SIDP_R.csv,0,0;0,0.2;0.9,0.2;0.9,0,0.1,0.1
62,-1382992.056,566506.7331,1,500,50,250|0,1,0,AFs/AF_neutral.csv|AFs/AF_resistance.csv,classvars/ClassVars_SIDP.csv,0,0,0,0,0,0,1,N,1,1,0.25,N,N,N,N,N,N,N,N,N,N,1,1,0,0,0,0,0,0,0,0,0,0,0,0,0,0,0,0,DiseaseVars/DiseaseVars_SIDP_R.csv,0,0;0,0.2;0.9,0.2;0.9,0,0.1,0.1
63,-159886.8312,-605506.5271,1,500,50,250|0,1,0,AFs/AF_neutral.csv|AFs/AF_resistance.csv,classvars/ClassVars_SIDP.csv,0,0,0,0,0,0,1,N,1,1,0.25,N,N,N,N,N,N,N,N,N,N,1,1,0,0,0,0,0,0,0,0,0,0,0,0,0,0,0,0,DiseaseVars/DiseaseVars_SIDP_R.csv,0,0;0,0.2;0.9,0.2;0.9,0,0.1,0.1
64,143248.9476,-1292343.898,2,500,50,250|0,0,1,AFs/AF_neutral.csv|AFs/AF_resistance.csv,classvars/ClassVars_SIDP.csv,0,0,0,0,0,0,1,N,1,1,0.25,N,N,N,N,N,N,N,N,N,N,1,1,0,0,0,0,0,0,0,0,0,0,0,0,0,0,0,0,DiseaseVars/DiseaseVars_SIDP_R.csv,0,0;0,0.2;0.9,0.2;0.9,0,0.1,0.1
65,-161288.9271,-735575.0024,1,500,50,250|0,1,0,AFs/AF_neutral.csv|AFs/AF_resistance.csv,classvars/ClassVars_SIDP.csv,0,0,0,0,0,0,1,N,1,1,0.25,N,N,N,N,N,N,N,N,N,N,1,1,0,0,0,0,0,0,0,0,0,0,0,0,0,0,0,0,DiseaseVars/DiseaseVars_SIDP_R.csv,0,0;0,0.2;0.9,0.2;0.9,0,0.1,0.1
66,-1085930.919,223688.9139,2,500,50,250|0,0,1,AFs/AF_neutral.csv|AFs/AF_resistance.csv,classvars/ClassVars_SIDP.csv,0,0,0,0,0,0,1,N,1,1,0.25,N,N,N,N,N,N,N,N,N,N,1,1,0,0,0,0,0,0,0,0,0,0,0,0,0,0,0,0,DiseaseVars/DiseaseVars_SIDP_R.csv,0,0;0,0.2;0.9,0.2;0.9,0,0.1,0.1
67,-437075.5548,284710.2537,2,500,50,250|0,0,1,AFs/AF_neutral.csv|AFs/AF_resistance.csv,classvars/ClassVars_SIDP.csv,0,0,0,0,0,0,1,N,1,1,0.25,N,N,N,N,N,N,N,N,N,N,1,1,0,0,0,0,0,0,0,0,0,0,0,0,0,0,0,0,DiseaseVars/DiseaseVars_SIDP_R.csv,0,0;0,0.2;0.9,0.2;0.9,0,0.1,0.1
68,-144227.4406,-578483.4639,2,500,50,250|0,0,1,AFs/AF_neutral.csv|AFs/AF_resistance.csv,classvars/ClassVars_SIDP.csv,0,0,0,0,0,0,1,N,1,1,0.25,N,N,N,N,N,N,N,N,N,N,1,1,0,0,0,0,0,0,0,0,0,0,0,0,0,0,0,0,DiseaseVars/DiseaseVars_SIDP_R.csv,0,0;0,0.2;0.9,0.2;0.9,0,0.1,0.1
69,-9557.570169,-718452.4035,2,500,50,250|0,0,1,AFs/AF_neutral.csv|AFs/AF_resistance.csv,classvars/ClassVars_SIDP.csv,0,0,0,0,0,0,1,N,1,1,0.25,N,N,N,N,N,N,N,N,N,N,1,1,0,0,0,0,0,0,0,0,0,0,0,0,0,0,0,0,DiseaseVars/DiseaseVars_SIDP_R.csv,0,0;0,0.2;0.9,0.2;0.9,0,0.1,0.1
70,-1689932.148,427283.0355,1,500,50,250|0,1,0,AFs/AF_neutral.csv|AFs/AF_resistance.csv,classvars/ClassVars_SIDP.csv,0,0,0,0,0,0,1,N,1,1,0.25,N,N,N,N,N,N,N,N,N,N,1,1,0,0,0,0,0,0,0,0,0,0,0,0,0,0,0,0,DiseaseVars/DiseaseVars_SIDP_R.csv,0,0;0,0.2;0.9,0.2;0.9,0,0.1,0.1
71,-1100543.768,-791387.9899,2,500,50,250|0,0,1,AFs/AF_neutral.csv|AFs/AF_resistance.csv,classvars/ClassVars_SIDP.csv,0,0,0,0,0,0,1,N,1,1,0.25,N,N,N,N,N,N,N,N,N,N,1,1,0,0,0,0,0,0,0,0,0,0,0,0,0,0,0,0,DiseaseVars/DiseaseVars_SIDP_R.csv,0,0;0,0.2;0.9,0.2;0.9,0,0.1,0.1
72,-531060.8067,-1259715.42,2,500,50,250|0,0,1,AFs/AF_neutral.csv|AFs/AF_resistance.csv,classvars/ClassVars_SIDP.csv,0,0,0,0,0,0,1,N,1,1,0.25,N,N,N,N,N,N,N,N,N,N,1,1,0,0,0,0,0,0,0,0,0,0,0,0,0,0,0,0,DiseaseVars/DiseaseVars_SIDP_R.csv,0,0;0,0.2;0.9,0.2;0.9,0,0.1,0.1
73,219758.0077,-236051.2697,1,500,50,250|0,1,0,AFs/AF_neutral.csv|AFs/AF_resistance.csv,classvars/ClassVars_SIDP.csv,0,0,0,0,0,0,1,N,1,1,0.25,N,N,N,N,N,N,N,N,N,N,1,1,0,0,0,0,0,0,0,0,0,0,0,0,0,0,0,0,DiseaseVars/DiseaseVars_SIDP_R.csv,0,0;0,0.2;0.9,0.2;0.9,0,0.1,0.1
74,-870217.168,-352280.8003,2,500,50,250|0,0,1,AFs/AF_neutral.csv|AFs/AF_resistance.csv,classvars/ClassVars_SIDP.csv,0,0,0,0,0,0,1,N,1,1,0.25,N,N,N,N,N,N,N,N,N,N,1,1,0,0,0,0,0,0,0,0,0,0,0,0,0,0,0,0,DiseaseVars/DiseaseVars_SIDP_R.csv,0,0;0,0.2;0.9,0.2;0.9,0,0.1,0.1
75,-299993.5193,-71281.93557,2,500,50,250|0,0,1,AFs/AF_neutral.csv|AFs/AF_resistance.csv,classvars/ClassVars_SIDP.csv,0,0,0,0,0,0,1,N,1,1,0.25,N,N,N,N,N,N,N,N,N,N,1,1,0,0,0,0,0,0,0,0,0,0,0,0,0,0,0,0,DiseaseVars/DiseaseVars_SIDP_R.csv,0,0;0,0.2;0.9,0.2;0.9,0,0.1,0.1
76,-768886.7642,-761492.6416,2,500,50,250|0,0,1,AFs/AF_neutral.csv|AFs/AF_resistance.csv,classvars/ClassVars_SIDP.csv,0,0,0,0,0,0,1,N,1,1,0.25,N,N,N,N,N,N,N,N,N,N,1,1,0,0,0,0,0,0,0,0,0,0,0,0,0,0,0,0,DiseaseVars/DiseaseVars_SIDP_R.csv,0,0;0,0.2;0.9,0.2;0.9,0,0.1,0.1
77,-207791.6692,492111.7832,1,500,50,250|0,1,0,AFs/AF_neutral.csv|AFs/AF_resistance.csv,classvars/ClassVars_SIDP.csv,0,0,0,0,0,0,1,N,1,1,0.25,N,N,N,N,N,N,N,N,N,N,1,1,0,0,0,0,0,0,0,0,0,0,0,0,0,0,0,0,DiseaseVars/DiseaseVars_SIDP_R.csv,0,0;0,0.2;0.9,0.2;0.9,0,0.1,0.1
78,-763079.6065,-78909.04959,1,500,50,250|0,1,0,AFs/AF_neutral.csv|AFs/AF_resistance.csv,classvars/ClassVars_SIDP.csv,0,0,0,0,0,0,1,N,1,1,0.25,N,N,N,N,N,N,N,N,N,N,1,1,0,0,0,0,0,0,0,0,0,0,0,0,0,0,0,0,DiseaseVars/DiseaseVars_SIDP_R.csv,0,0;0,0.2;0.9,0.2;0.9,0,0.1,0.1
79,185859.9901,-1426728.827,1,500,50,250|0,1,0,AFs/AF_neutral.csv|AFs/AF_resistance.csv,classvars/ClassVars_SIDP.csv,0,0,0,0,0,0,1,N,1,1,0.25,N,N,N,N,N,N,N,N,N,N,1,1,0,0,0,0,0,0,0,0,0,0,0,0,0,0,0,0,DiseaseVars/DiseaseVars_SIDP_R.csv,0,0;0,0.2;0.9,0.2;0.9,0,0.1,0.1
80,-393927.6263,-1278131.756,1,500,50,250|0,1,0,AFs/AF_neutral.csv|AFs/AF_resistance.csv,classvars/ClassVars_SIDP.csv,0,0,0,0,0,0,1,N,1,1,0.25,N,N,N,N,N,N,N,N,N,N,1,1,0,0,0,0,0,0,0,0,0,0,0,0,0,0,0,0,DiseaseVars/DiseaseVars_SIDP_R.csv,0,0;0,0.2;0.9,0.2;0.9,0,0.1,0.1
81,-323068.7436,-1221387.185,2,500,50,250|0,0,1,AFs/AF_neutral.csv|AFs/AF_resistance.csv,classvars/ClassVars_SIDP.csv,0,0,0,0,0,0,1,N,1,1,0.25,N,N,N,N,N,N,N,N,N,N,1,1,0,0,0,0,0,0,0,0,0,0,0,0,0,0,0,0,DiseaseVars/DiseaseVars_SIDP_R.csv,0,0;0,0.2;0.9,0.2;0.9,0,0.1,0.1
82,-334730.441,333939.6593,2,500,50,250|0,0,1,AFs/AF_neutral.csv|AFs/AF_resistance.csv,classvars/ClassVars_SIDP.csv,0,0,0,0,0,0,1,N,1,1,0.25,N,N,N,N,N,N,N,N,N,N,1,1,0,0,0,0,0,0,0,0,0,0,0,0,0,0,0,0,DiseaseVars/DiseaseVars_SIDP_R.csv,0,0;0,0.2;0.9,0.2;0.9,0,0.1,0.1
83,-1820995.163,488350.4412,1,500,50,250|0,1,0,AFs/AF_neutral.csv|AFs/AF_resistance.csv,classvars/ClassVars_SIDP.csv,0,0,0,0,0,0,1,N,1,1,0.25,N,N,N,N,N,N,N,N,N,N,1,1,0,0,0,0,0,0,0,0,0,0,0,0,0,0,0,0,DiseaseVars/DiseaseVars_SIDP_R.csv,0,0;0,0.2;0.9,0.2;0.9,0,0.1,0.1
84,-171682.0633,-619513.9564,1,500,50,250|0,1,0,AFs/AF_neutral.csv|AFs/AF_resistance.csv,classvars/ClassVars_SIDP.csv,0,0,0,0,0,0,1,N,1,1,0.25,N,N,N,N,N,N,N,N,N,N,1,1,0,0,0,0,0,0,0,0,0,0,0,0,0,0,0,0,DiseaseVars/DiseaseVars_SIDP_R.csv,0,0;0,0.2;0.9,0.2;0.9,0,0.1,0.1
85,-18819.33775,-711539.8494,1,500,50,250|0,1,0,AFs/AF_neutral.csv|AFs/AF_resistance.csv,classvars/ClassVars_SIDP.csv,0,0,0,0,0,0,1,N,1,1,0.25,N,N,N,N,N,N,N,N,N,N,1,1,0,0,0,0,0,0,0,0,0,0,0,0,0,0,0,0,DiseaseVars/DiseaseVars_SIDP_R.csv,0,0;0,0.2;0.9,0.2;0.9,0,0.1,0.1
86,-523433.7551,-586632.5003,2,500,50,250|0,0,1,AFs/AF_neutral.csv|AFs/AF_resistance.csv,classvars/ClassVars_SIDP.csv,0,0,0,0,0,0,1,N,1,1,0.25,N,N,N,N,N,N,N,N,N,N,1,1,0,0,0,0,0,0,0,0,0,0,0,0,0,0,0,0,DiseaseVars/DiseaseVars_SIDP_R.csv,0,0;0,0.2;0.9,0.2;0.9,0,0.1,0.1
87,-595729.8143,90751.21634,1,500,50,250|0,1,0,AFs/AF_neutral.csv|AFs/AF_resistance.csv,classvars/ClassVars_SIDP.csv,0,0,0,0,0,0,1,N,1,1,0.25,N,N,N,N,N,N,N,N,N,N,1,1,0,0,0,0,0,0,0,0,0,0,0,0,0,0,0,0,DiseaseVars/DiseaseVars_SIDP_R.csv,0,0;0,0.2;0.9,0.2;0.9,0,0.1,0.1
88,-1121538.646,-161464.1787,1,500,50,250|0,1,0,AFs/AF_neutral.csv|AFs/AF_resistance.csv,classvars/ClassVars_SIDP.csv,0,0,0,0,0,0,1,N,1,1,0.25,N,N,N,N,N,N,N,N,N,N,1,1,0,0,0,0,0,0,0,0,0,0,0,0,0,0,0,0,DiseaseVars/DiseaseVars_SIDP_R.csv,0,0;0,0.2;0.9,0.2;0.9,0,0.1,0.1
89,203618.0078,-246304.5116,2,500,50,250|0,0,1,AFs/AF_neutral.csv|AFs/AF_resistance.csv,classvars/ClassVars_SIDP.csv,0,0,0,0,0,0,1,N,1,1,0.25,N,N,N,N,N,N,N,N,N,N,1,1,0,0,0,0,0,0,0,0,0,0,0,0,0,0,0,0,DiseaseVars/DiseaseVars_SIDP_R.csv,0,0;0,0.2;0.9,0.2;0.9,0,0.1,0.1
90,-558759.7727,-596665.6744,1,500,50,250|0,1,0,AFs/AF_neutral.csv|AFs/AF_resistance.csv,classvars/ClassVars_SIDP.csv,0,0,0,0,0,0,1,N,1,1,0.25,N,N,N,N,N,N,N,N,N,N,1,1,0,0,0,0,0,0,0,0,0,0,0,0,0,0,0,0,DiseaseVars/DiseaseVars_SIDP_R.csv,0,0;0,0.2;0.9,0.2;0.9,0,0.1,0.1
91,-18128.40844,-1000502.993,2,500,50,250|0,0,1,AFs/AF_neutral.csv|AFs/AF_resistance.csv,classvars/ClassVars_SIDP.csv,0,0,0,0,0,0,1,N,1,1,0.25,N,N,N,N,N,N,N,N,N,N,1,1,0,0,0,0,0,0,0,0,0,0,0,0,0,0,0,0,DiseaseVars/DiseaseVars_SIDP_R.csv,0,0;0,0.2;0.9,0.2;0.9,0,0.1,0.1
92,-446783.5623,-818797.0927,1,500,50,250|0,1,0,AFs/AF_neutral.csv|AFs/AF_resistance.csv,classvars/ClassVars_SIDP.csv,0,0,0,0,0,0,1,N,1,1,0.25,N,N,N,N,N,N,N,N,N,N,1,1,0,0,0,0,0,0,0,0,0,0,0,0,0,0,0,0,DiseaseVars/DiseaseVars_SIDP_R.csv,0,0;0,0.2;0.9,0.2;0.9,0,0.1,0.1
93,-577558.7331,-188722.2436,2,500,50,250|0,0,1,AFs/AF_neutral.csv|AFs/AF_resistance.csv,classvars/ClassVars_SIDP.csv,0,0,0,0,0,0,1,N,1,1,0.25,N,N,N,N,N,N,N,N,N,N,1,1,0,0,0,0,0,0,0,0,0,0,0,0,0,0,0,0,DiseaseVars/DiseaseVars_SIDP_R.csv,0,0;0,0.2;0.9,0.2;0.9,0,0.1,0.1
94,-292528.4177,-1031942.996,1,500,50,250|0,1,0,AFs/AF_neutral.csv|AFs/AF_resistance.csv,classvars/ClassVars_SIDP.csv,0,0,0,0,0,0,1,N,1,1,0.25,N,N,N,N,N,N,N,N,N,N,1,1,0,0,0,0,0,0,0,0,0,0,0,0,0,0,0,0,DiseaseVars/DiseaseVars_SIDP_R.csv,0,0;0,0.2;0.9,0.2;0.9,0,0.1,0.1
95,-26614.75891,-1231260.954,1,500,50,250|0,1,0,AFs/AF_neutral.csv|AFs/AF_resistance.csv,classvars/ClassVars_SIDP.csv,0,0,0,0,0,0,1,N,1,1,0.25,N,N,N,N,N,N,N,N,N,N,1,1,0,0,0,0,0,0,0,0,0,0,0,0,0,0,0,0,DiseaseVars/DiseaseVars_SIDP_R.csv,0,0;0,0.2;0.9,0.2;0.9,0,0.1,0.1
96,-50436.67817,173094.9828,2,500,50,250|0,0,1,AFs/AF_neutral.csv|AFs/AF_resistance.csv,classvars/ClassVars_SIDP.csv,0,0,0,0,0,0,1,N,1,1,0.25,N,N,N,N,N,N,N,N,N,N,1,1,0,0,0,0,0,0,0,0,0,0,0,0,0,0,0,0,DiseaseVars/DiseaseVars_SIDP_R.csv,0,0;0,0.2;0.9,0.2;0.9,0,0.1,0.1
97,295558.3756,264719.7911,2,500,50,250|0,0,1,AFs/AF_neutral.csv|AFs/AF_resistance.csv,classvars/ClassVars_SIDP.csv,0,0,0,0,0,0,1,N,1,1,0.25,N,N,N,N,N,N,N,N,N,N,1,1,0,0,0,0,0,0,0,0,0,0,0,0,0,0,0,0,DiseaseVars/DiseaseVars_SIDP_R.csv,0,0;0,0.2;0.9,0.2;0.9,0,0.1,0.1
98,-112647.9776,-832725.5551,2,500,50,250|0,0,1,AFs/AF_neutral.csv|AFs/AF_resistance.csv,classvars/ClassVars_SIDP.csv,0,0,0,0,0,0,1,N,1,1,0.25,N,N,N,N,N,N,N,N,N,N,1,1,0,0,0,0,0,0,0,0,0,0,0,0,0,0,0,0,DiseaseVars/DiseaseVars_SIDP_R.csv,0,0;0,0.2;0.9,0.2;0.9,0,0.1,0.1
99,-540988.7596,-886972.8422,2,500,50,250|0,0,1,AFs/AF_neutral.csv|AFs/AF_resistance.csv,classvars/ClassVars_SIDP.csv,0,0,0,0,0,0,1,N,1,1,0.25,N,N,N,N,N,N,N,N,N,N,1,1,0,0,0,0,0,0,0,0,0,0,0,0,0,0,0,0,DiseaseVars/DiseaseVars_SIDP_R.csv,0,0;0,0.2;0.9,0.2;0.9,0,0.1,0.1
100,-74636.22471,-405997.1437,1,500,50,250|0,1,0,AFs/AF_neutral.csv|AFs/AF_resistance.csv,classvars/ClassVars_SIDP.csv,0,0,0,0,0,0,1,N,1,1,0.25,N,N,N,N,N,N,N,N,N,N,1,1,0,0,0,0,0,0,0,0,0,0,0,0,0,0,0,0,DiseaseVars/DiseaseVars_SIDP_R.csv,0,0;0,0.2;0.9,0.2;0.9,0,0.1,0.1
